blockNumber, gasLimit, gasUsed
11567314,12463418,12457545
11567313,12475600,12448210
11567312,12487794,12468429
11567311,12500000,12497599
11567310,12493493,12481189
11567309,12481306,12471754
11567308,12469131,12457137
11567307,12481318,0
11567306,12469143,12459411
11567305,12456979,12443939
11567304,12469154,12457968
11567303,12481341,12468217
11567302,12469166,12452409
11567301,12481353,12470423
11567300,12469178,12448627
11567299,12457014,12452702
11567298,12469189,0
11567297,12481376,12463028
11567296,12493575,12478958
11567295,12487495,12474945
